{
  "Get garage cars" : {
    "transaction" : "Get garage cars",
    "sampleCount" : 30,
    "errorCount" : 0,
    "errorPct" : 0.0,
    "meanResTime" : 379.4666666666667,
    "medianResTime" : 412.0,
    "minResTime" : 221.0,
    "maxResTime" : 436.0,
    "pct1ResTime" : 431.7,
    "pct2ResTime" : 435.45,
    "pct3ResTime" : 436.0,
    "throughput" : 65.50218340611353,
    "receivedKBytesPerSec" : 124.991471069869,
    "sentKBytesPerSec" : 39.096615720524014
  },
  "Get garage cars-0" : {
    "transaction" : "Get garage cars-0",
    "sampleCount" : 30,
    "errorCount" : 0,
    "errorPct" : 0.0,
    "meanResTime" : 133.26666666666665,
    "medianResTime" : 135.0,
    "minResTime" : 111.0,
    "maxResTime" : 150.0,
    "pct1ResTime" : 143.9,
    "pct2ResTime" : 148.35,
    "pct3ResTime" : 150.0,
    "throughput" : 172.41379310344828,
    "receivedKBytesPerSec" : 61.96120689655173,
    "sentKBytesPerSec" : 51.45474137931035
  },
  "Get garage cars-1" : {
    "transaction" : "Get garage cars-1",
    "sampleCount" : 30,
    "errorCount" : 0,
    "errorPct" : 0.0,
    "meanResTime" : 245.16666666666666,
    "medianResTime" : 276.0,
    "minResTime" : 107.0,
    "maxResTime" : 293.0,
    "pct1ResTime" : 287.9,
    "pct2ResTime" : 293.0,
    "pct3ResTime" : 293.0,
    "throughput" : 87.46355685131195,
    "receivedKBytesPerSec" : 135.4660167638484,
    "sentKBytesPerSec" : 26.102405247813408
  },
  "Total" : {
    "transaction" : "Total",
    "sampleCount" : 330,
    "errorCount" : 0,
    "errorPct" : 0.0,
    "meanResTime" : 1411.348484848484,
    "medianResTime" : 173.5,
    "minResTime" : 50.0,
    "maxResTime" : 16050.0,
    "pct1ResTime" : 431.7000000000001,
    "pct2ResTime" : 13518.949999999999,
    "pct3ResTime" : 15825.66,
    "throughput" : 19.089489211546248,
    "receivedKBytesPerSec" : 15.710640582518657,
    "sentKBytesPerSec" : 7.419208617747441
  },
  "Get car models" : {
    "transaction" : "Get car models",
    "sampleCount" : 30,
    "errorCount" : 0,
    "errorPct" : 0.0,
    "meanResTime" : 244.8,
    "medianResTime" : 226.0,
    "minResTime" : 195.0,
    "maxResTime" : 335.0,
    "pct1ResTime" : 315.8,
    "pct2ResTime" : 330.05,
    "pct3ResTime" : 335.0,
    "throughput" : 55.65862708719852,
    "receivedKBytesPerSec" : 48.59259044526901,
    "sentKBytesPerSec" : 35.3954081632653
  },
  "Sign in" : {
    "transaction" : "Sign in",
    "sampleCount" : 30,
    "errorCount" : 0,
    "errorPct" : 0.0,
    "meanResTime" : 13710.033333333333,
    "medianResTime" : 13705.0,
    "minResTime" : 11254.0,
    "maxResTime" : 16050.0,
    "pct1ResTime" : 15870.6,
    "pct2ResTime" : 16045.6,
    "pct3ResTime" : 16050.0,
    "throughput" : 1.8681113394358304,
    "receivedKBytesPerSec" : 1.5310972429790148,
    "sentKBytesPerSec" : 0.5126360218569026
  },
  "Get car brands" : {
    "transaction" : "Get car brands",
    "sampleCount" : 30,
    "errorCount" : 0,
    "errorPct" : 0.0,
    "meanResTime" : 175.0,
    "medianResTime" : 168.0,
    "minResTime" : 118.0,
    "maxResTime" : 246.0,
    "pct1ResTime" : 228.0,
    "pct2ResTime" : 236.64999999999998,
    "pct3ResTime" : 246.0,
    "throughput" : 66.96428571428571,
    "receivedKBytesPerSec" : 62.255859375,
    "sentKBytesPerSec" : 40.884835379464285
  },
  "Get car brands-1" : {
    "transaction" : "Get car brands-1",
    "sampleCount" : 30,
    "errorCount" : 0,
    "errorPct" : 0.0,
    "meanResTime" : 114.1,
    "medianResTime" : 110.0,
    "minResTime" : 64.0,
    "maxResTime" : 171.0,
    "pct1ResTime" : 156.60000000000002,
    "pct2ResTime" : 163.29999999999998,
    "pct3ResTime" : 171.0,
    "throughput" : 80.42895442359249,
    "receivedKBytesPerSec" : 45.319830764075064,
    "sentKBytesPerSec" : 24.55282339142091
  },
  "Get car models-1" : {
    "transaction" : "Get car models-1",
    "sampleCount" : 30,
    "errorCount" : 0,
    "errorPct" : 0.0,
    "meanResTime" : 189.36666666666667,
    "medianResTime" : 173.0,
    "minResTime" : 140.0,
    "maxResTime" : 267.0,
    "pct1ResTime" : 256.8,
    "pct2ResTime" : 261.5,
    "pct3ResTime" : 267.0,
    "throughput" : 61.60164271047228,
    "receivedKBytesPerSec" : 30.439874229979466,
    "sentKBytesPerSec" : 19.587397330595483
  },
  "Get car brands-0" : {
    "transaction" : "Get car brands-0",
    "sampleCount" : 30,
    "errorCount" : 0,
    "errorPct" : 0.0,
    "meanResTime" : 60.166666666666664,
    "medianResTime" : 57.0,
    "minResTime" : 53.0,
    "maxResTime" : 89.0,
    "pct1ResTime" : 73.60000000000001,
    "pct2ResTime" : 83.5,
    "pct3ResTime" : 89.0,
    "throughput" : 103.44827586206897,
    "receivedKBytesPerSec" : 37.8838900862069,
    "sentKBytesPerSec" : 31.58001077586207
  },
  "Get expenses" : {
    "transaction" : "Get expenses",
    "sampleCount" : 30,
    "errorCount" : 0,
    "errorPct" : 0.0,
    "meanResTime" : 218.56666666666666,
    "medianResTime" : 235.5,
    "minResTime" : 117.0,
    "maxResTime" : 289.0,
    "pct1ResTime" : 265.8,
    "pct2ResTime" : 279.09999999999997,
    "pct3ResTime" : 289.0,
    "throughput" : 68.4931506849315,
    "receivedKBytesPerSec" : 55.5837970890411,
    "sentKBytesPerSec" : 21.511130136986303
  },
  "Get car models-0" : {
    "transaction" : "Get car models-0",
    "sampleCount" : 30,
    "errorCount" : 0,
    "errorPct" : 0.0,
    "meanResTime" : 54.90000000000001,
    "medianResTime" : 54.0,
    "minResTime" : 50.0,
    "maxResTime" : 68.0,
    "pct1ResTime" : 63.40000000000001,
    "pct2ResTime" : 67.45,
    "pct3ResTime" : 68.0,
    "throughput" : 110.7011070110701,
    "receivedKBytesPerSec" : 41.94534132841328,
    "sentKBytesPerSec" : 35.1994926199262
  }
}