{
  "Get garage cars" : {
    "transaction" : "Get garage cars",
    "sampleCount" : 969,
    "errorCount" : 959,
    "errorPct" : 98.96801,
    "meanResTime" : 309.08462332301326,
    "medianResTime" : 219.0,
    "minResTime" : 109.0,
    "maxResTime" : 2911.0,
    "pct1ResTime" : 560.0,
    "pct2ResTime" : 1117.5,
    "pct3ResTime" : 1353.3,
    "throughput" : 5.197103781174578,
    "receivedKBytesPerSec" : 1.9507785264145885,
    "sentKBytesPerSec" : 1.573980960042907
  },
  "Get garage cars-0" : {
    "transaction" : "Get garage cars-0",
    "sampleCount" : 969,
    "errorCount" : 0,
    "errorPct" : 0.0,
    "meanResTime" : 306.8328173374618,
    "medianResTime" : 218.0,
    "minResTime" : 109.0,
    "maxResTime" : 2911.0,
    "pct1ResTime" : 560.0,
    "pct2ResTime" : 1110.0,
    "pct3ResTime" : 1307.599999999999,
    "throughput" : 5.197103781174578,
    "receivedKBytesPerSec" : 1.867709171359614,
    "sentKBytesPerSec" : 1.5579013307857335
  },
  "Get garage cars-1" : {
    "transaction" : "Get garage cars-1",
    "sampleCount" : 10,
    "errorCount" : 0,
    "errorPct" : 0.0,
    "meanResTime" : 216.20000000000002,
    "medianResTime" : 236.5,
    "minResTime" : 98.0,
    "maxResTime" : 308.0,
    "pct1ResTime" : 307.8,
    "pct2ResTime" : 308.0,
    "pct3ResTime" : 308.0,
    "throughput" : 0.11057543456145782,
    "receivedKBytesPerSec" : 0.1712623429828829,
    "sentKBytesPerSec" : 0.03315103360387456
  },
  "Total" : {
    "transaction" : "Total",
    "sampleCount" : 6816,
    "errorCount" : 3728,
    "errorPct" : 54.694836,
    "meanResTime" : 294.54445422535304,
    "medianResTime" : 151.0,
    "minResTime" : 51.0,
    "maxResTime" : 7305.0,
    "pct1ResTime" : 449.0,
    "pct2ResTime" : 937.2499999999945,
    "pct3ResTime" : 3075.83,
    "throughput" : 35.86896460991975,
    "receivedKBytesPerSec" : 14.102729081699776,
    "sentKBytesPerSec" : 11.8065571141955
  },
  "Get car models" : {
    "transaction" : "Get car models",
    "sampleCount" : 966,
    "errorCount" : 956,
    "errorPct" : 98.964806,
    "meanResTime" : 147.74223602484486,
    "medianResTime" : 108.0,
    "minResTime" : 51.0,
    "maxResTime" : 2476.0,
    "pct1ResTime" : 193.0,
    "pct2ResTime" : 391.54999999999984,
    "pct3ResTime" : 923.3100000000003,
    "throughput" : 5.2319724427786864,
    "receivedKBytesPerSec" : 2.009190310289546,
    "sentKBytesPerSec" : 1.6878302987261287
  },
  "Sign in" : {
    "transaction" : "Sign in",
    "sampleCount" : 972,
    "errorCount" : 856,
    "errorPct" : 88.06584,
    "meanResTime" : 896.69547325103,
    "medianResTime" : 391.0,
    "minResTime" : 189.0,
    "maxResTime" : 7305.0,
    "pct1ResTime" : 2634.8000000000006,
    "pct2ResTime" : 3468.0,
    "pct3ResTime" : 5759.889999999999,
    "throughput" : 5.11802524260598,
    "receivedKBytesPerSec" : 2.5424757920565297,
    "sentKBytesPerSec" : 2.2699163483258475
  },
  "Get car brands" : {
    "transaction" : "Get car brands",
    "sampleCount" : 967,
    "errorCount" : 957,
    "errorPct" : 98.96587,
    "meanResTime" : 129.50051706308162,
    "medianResTime" : 110.0,
    "minResTime" : 53.0,
    "maxResTime" : 921.0,
    "pct1ResTime" : 180.60000000000014,
    "pct2ResTime" : 304.99999999999955,
    "pct3ResTime" : 569.2399999999996,
    "throughput" : 5.225191149055737,
    "receivedKBytesPerSec" : 1.9439696441115284,
    "sentKBytesPerSec" : 1.618598321873396
  },
  "Get car brands-1" : {
    "transaction" : "Get car brands-1",
    "sampleCount" : 10,
    "errorCount" : 0,
    "errorPct" : 0.0,
    "meanResTime" : 144.0,
    "medianResTime" : 145.0,
    "minResTime" : 83.0,
    "maxResTime" : 200.0,
    "pct1ResTime" : 199.5,
    "pct2ResTime" : 200.0,
    "pct3ResTime" : 200.0,
    "throughput" : 0.11086720326393046,
    "receivedKBytesPerSec" : 0.062471070589148324,
    "sentKBytesPerSec" : 0.03399638850085368
  },
  "Get car models-1" : {
    "transaction" : "Get car models-1",
    "sampleCount" : 10,
    "errorCount" : 0,
    "errorPct" : 0.0,
    "meanResTime" : 1354.0,
    "medianResTime" : 1467.5,
    "minResTime" : 304.0,
    "maxResTime" : 2362.0,
    "pct1ResTime" : 2359.9,
    "pct2ResTime" : 2362.0,
    "pct3ResTime" : 2362.0,
    "throughput" : 0.10839755888697386,
    "receivedKBytesPerSec" : 0.05356363749688357,
    "sentKBytesPerSec" : 0.034615236089883254
  },
  "Get car brands-0" : {
    "transaction" : "Get car brands-0",
    "sampleCount" : 967,
    "errorCount" : 0,
    "errorPct" : 0.0,
    "meanResTime" : 128.00413650465381,
    "medianResTime" : 110.0,
    "minResTime" : 53.0,
    "maxResTime" : 921.0,
    "pct1ResTime" : 174.20000000000005,
    "pct2ResTime" : 232.5999999999999,
    "pct3ResTime" : 569.2399999999996,
    "throughput" : 5.225191149055737,
    "receivedKBytesPerSec" : 1.9135221493124037,
    "sentKBytesPerSec" : 1.6020289746170264
  },
  "Get expenses" : {
    "transaction" : "Get expenses",
    "sampleCount" : 10,
    "errorCount" : 0,
    "errorPct" : 0.0,
    "meanResTime" : 116.1,
    "medianResTime" : 120.5,
    "minResTime" : 98.0,
    "maxResTime" : 126.0,
    "pct1ResTime" : 125.9,
    "pct2ResTime" : 126.0,
    "pct3ResTime" : 126.0,
    "throughput" : 0.10862127021713393,
    "receivedKBytesPerSec" : 0.08814870659222489,
    "sentKBytesPerSec" : 0.03426237332044361
  },
  "Get car models-0" : {
    "transaction" : "Get car models-0",
    "sampleCount" : 966,
    "errorCount" : 0,
    "errorPct" : 0.0,
    "meanResTime" : 133.7204968944102,
    "medianResTime" : 107.5,
    "minResTime" : 51.0,
    "maxResTime" : 1300.0,
    "pct1ResTime" : 188.30000000000007,
    "pct2ResTime" : 285.29999999999995,
    "pct3ResTime" : 665.2000000000016,
    "throughput" : 5.2319724427786864,
    "receivedKBytesPerSec" : 1.982427058396612,
    "sentKBytesPerSec" : 1.6705346794198253
  }
}