{
  "Get garage cars" : {
    "transaction" : "Get garage cars",
    "sampleCount" : 263,
    "errorCount" : 251,
    "errorPct" : 95.43726,
    "meanResTime" : 849.9961977186304,
    "medianResTime" : 348.0,
    "minResTime" : 110.0,
    "maxResTime" : 5410.0,
    "pct1ResTime" : 2120.799999999997,
    "pct2ResTime" : 4251.199999999999,
    "pct3ResTime" : 5333.480000000001,
    "throughput" : 4.1230325453063275,
    "receivedKBytesPerSec" : 2.023089423167367,
    "sentKBytesPerSec" : 1.2580429998589078
  },
  "Get garage cars-0" : {
    "transaction" : "Get garage cars-0",
    "sampleCount" : 263,
    "errorCount" : 0,
    "errorPct" : 0.0,
    "meanResTime" : 547.5931558935366,
    "medianResTime" : 275.0,
    "minResTime" : 103.0,
    "maxResTime" : 5410.0,
    "pct1ResTime" : 1142.0,
    "pct2ResTime" : 1407.5999999999988,
    "pct3ResTime" : 5333.480000000001,
    "throughput" : 4.1230325453063275,
    "receivedKBytesPerSec" : 1.4817148209694615,
    "sentKBytesPerSec" : 1.1088059764375746
  },
  "Get garage cars-1" : {
    "transaction" : "Get garage cars-1",
    "sampleCount" : 58,
    "errorCount" : 46,
    "errorPct" : 79.31035,
    "meanResTime" : 1370.8275862068965,
    "medianResTime" : 1223.0,
    "minResTime" : 63.0,
    "maxResTime" : 3585.0,
    "pct1ResTime" : 3564.6,
    "pct2ResTime" : 3573.1,
    "pct3ResTime" : 3585.0,
    "throughput" : 1.7322740577026463,
    "receivedKBytesPerSec" : 1.0313960672898872,
    "sentKBytesPerSec" : 0.284317879756287
  },
  "Total" : {
    "transaction" : "Total",
    "sampleCount" : 1956,
    "errorCount" : 964,
    "errorPct" : 49.284252,
    "meanResTime" : 799.4867075664629,
    "medianResTime" : 210.0,
    "minResTime" : 50.0,
    "maxResTime" : 9949.0,
    "pct1ResTime" : 2069.0999999999995,
    "pct2ResTime" : 4520.599999999999,
    "pct3ResTime" : 8735.87,
    "throughput" : 27.6642387384202,
    "receivedKBytesPerSec" : 12.332338700410155,
    "sentKBytesPerSec" : 8.370302886995262
  },
  "Get car models" : {
    "transaction" : "Get car models",
    "sampleCount" : 239,
    "errorCount" : 202,
    "errorPct" : 84.51883,
    "meanResTime" : 323.67782426778234,
    "medianResTime" : 127.0,
    "minResTime" : 50.0,
    "maxResTime" : 7832.0,
    "pct1ResTime" : 572.0,
    "pct2ResTime" : 818.0,
    "pct3ResTime" : 4764.0,
    "throughput" : 3.8551496088394224,
    "receivedKBytesPerSec" : 1.7556544378578918,
    "sentKBytesPerSec" : 1.2603397955480282
  },
  "Sign in" : {
    "transaction" : "Sign in",
    "sampleCount" : 298,
    "errorCount" : 238,
    "errorPct" : 79.86577,
    "meanResTime" : 2556.8825503355706,
    "medianResTime" : 889.0,
    "minResTime" : 187.0,
    "maxResTime" : 9949.0,
    "pct1ResTime" : 8334.1,
    "pct2ResTime" : 8892.25,
    "pct3ResTime" : 9477.409999999996,
    "throughput" : 4.256413186310918,
    "receivedKBytesPerSec" : 2.253505983795635,
    "sentKBytesPerSec" : 1.6697193427555277
  },
  "Get car brands" : {
    "transaction" : "Get car brands",
    "sampleCount" : 244,
    "errorCount" : 205,
    "errorPct" : 84.016396,
    "meanResTime" : 355.82786885245883,
    "medianResTime" : 128.5,
    "minResTime" : 53.0,
    "maxResTime" : 5270.0,
    "pct1ResTime" : 784.0,
    "pct2ResTime" : 2269.25,
    "pct3ResTime" : 3275.8000000000065,
    "throughput" : 3.940886699507389,
    "receivedKBytesPerSec" : 1.798127346967617,
    "sentKBytesPerSec" : 1.2261486261406767
  },
  "Get car brands-1" : {
    "transaction" : "Get car brands-1",
    "sampleCount" : 39,
    "errorCount" : 0,
    "errorPct" : 0.0,
    "meanResTime" : 883.74358974359,
    "medianResTime" : 200.0,
    "minResTime" : 58.0,
    "maxResTime" : 2445.0,
    "pct1ResTime" : 2442.0,
    "pct2ResTime" : 2445.0,
    "pct3ResTime" : 2445.0,
    "throughput" : 1.1838630361533558,
    "receivedKBytesPerSec" : 0.6670790740825062,
    "sentKBytesPerSec" : 0.2122214412014692
  },
  "Get car models-1" : {
    "transaction" : "Get car models-1",
    "sampleCount" : 37,
    "errorCount" : 0,
    "errorPct" : 0.0,
    "meanResTime" : 340.05405405405406,
    "medianResTime" : 140.0,
    "minResTime" : 58.0,
    "maxResTime" : 2081.0,
    "pct1ResTime" : 1009.0000000000035,
    "pct2ResTime" : 2065.7,
    "pct3ResTime" : 2081.0,
    "throughput" : 1.124961994527212,
    "receivedKBytesPerSec" : 0.555889423076923,
    "sentKBytesPerSec" : 0.2185908520826999
  },
  "Get car brands-0" : {
    "transaction" : "Get car brands-0",
    "sampleCount" : 244,
    "errorCount" : 0,
    "errorPct" : 0.0,
    "meanResTime" : 214.48770491803282,
    "medianResTime" : 113.5,
    "minResTime" : 53.0,
    "maxResTime" : 5270.0,
    "pct1ResTime" : 370.5,
    "pct2ResTime" : 501.75,
    "pct3ResTime" : 3275.8000000000065,
    "throughput" : 3.940886699507389,
    "receivedKBytesPerSec" : 1.443195812807882,
    "sentKBytesPerSec" : 1.1132323548413148
  },
  "Get expenses" : {
    "transaction" : "Get expenses",
    "sampleCount" : 32,
    "errorCount" : 22,
    "errorPct" : 68.75,
    "meanResTime" : 826.4374999999998,
    "medianResTime" : 128.0,
    "minResTime" : 60.0,
    "maxResTime" : 6280.0,
    "pct1ResTime" : 4973.299999999997,
    "pct2ResTime" : 6226.7,
    "pct3ResTime" : 6280.0,
    "throughput" : 0.981866159369151,
    "receivedKBytesPerSec" : 0.4830225368966893,
    "sentKBytesPerSec" : 0.19398808336657358
  },
  "Get car models-0" : {
    "transaction" : "Get car models-0",
    "sampleCount" : 239,
    "errorCount" : 0,
    "errorPct" : 0.0,
    "meanResTime" : 270.9665271966527,
    "medianResTime" : 121.0,
    "minResTime" : 50.0,
    "maxResTime" : 7832.0,
    "pct1ResTime" : 445.0,
    "pct2ResTime" : 572.0,
    "pct3ResTime" : 4764.0,
    "throughput" : 3.8551496088394224,
    "receivedKBytesPerSec" : 1.4607402814743125,
    "sentKBytesPerSec" : 1.1443715218969273
  }
}