{
  "Get garage cars" : {
    "transaction" : "Get garage cars",
    "sampleCount" : 6692,
    "errorCount" : 6617,
    "errorPct" : 98.87926,
    "meanResTime" : 510.0681410639564,
    "medianResTime" : 191.0,
    "minResTime" : 102.0,
    "maxResTime" : 65799.0,
    "pct1ResTime" : 367.0,
    "pct2ResTime" : 454.0,
    "pct3ResTime" : 4009.0699999999997,
    "throughput" : 2.5446376286958463,
    "receivedKBytesPerSec" : 1.20476750177482,
    "sentKBytesPerSec" : 0.7410358157175863
  },
  "Get garage cars-0" : {
    "transaction" : "Get garage cars-0",
    "sampleCount" : 6692,
    "errorCount" : 35,
    "errorPct" : 0.5230126,
    "meanResTime" : 463.44545726240256,
    "medianResTime" : 163.0,
    "minResTime" : 101.0,
    "maxResTime" : 65799.0,
    "pct1ResTime" : 288.0,
    "pct2ResTime" : 340.0,
    "pct3ResTime" : 1732.1399999995629,
    "throughput" : 2.5446376286958463,
    "receivedKBytesPerSec" : 0.9144791478125699,
    "sentKBytesPerSec" : 0.6409853231788654
  },
  "Get garage cars-1" : {
    "transaction" : "Get garage cars-1",
    "sampleCount" : 1942,
    "errorCount" : 1867,
    "errorPct" : 96.138,
    "meanResTime" : 160.49382080329542,
    "medianResTime" : 94.0,
    "minResTime" : 50.0,
    "maxResTime" : 4715.0,
    "pct1ResTime" : 153.0,
    "pct2ResTime" : 210.69999999999982,
    "pct3ResTime" : 3401.459999999963,
    "throughput" : 0.7460992112171522,
    "receivedKBytesPerSec" : 0.29329655059259563,
    "sentKBytesPerSec" : 0.10108729456819028
  },
  "Total" : {
    "transaction" : "Total",
    "sampleCount" : 50826,
    "errorCount" : 30041,
    "errorPct" : 59.105576,
    "meanResTime" : 317.65472396018,
    "medianResTime" : 123.0,
    "minResTime" : 49.0,
    "maxResTime" : 66078.0,
    "pct1ResTime" : 307.0,
    "pct2ResTime" : 400.0,
    "pct3ResTime" : 3369.920000000013,
    "throughput" : 19.313123698075984,
    "receivedKBytesPerSec" : 7.75034905492476,
    "sentKBytesPerSec" : 5.314372807129623
  },
  "Get car models" : {
    "transaction" : "Get car models",
    "sampleCount" : 6664,
    "errorCount" : 6584,
    "errorPct" : 98.79952,
    "meanResTime" : 95.231392557023,
    "medianResTime" : 79.0,
    "minResTime" : 49.0,
    "maxResTime" : 4693.0,
    "pct1ResTime" : 141.0,
    "pct2ResTime" : 161.0,
    "pct3ResTime" : 229.75000000000182,
    "throughput" : 2.535264100789683,
    "receivedKBytesPerSec" : 0.9756667527733255,
    "sentKBytesPerSec" : 0.6941650905280266
  },
  "Sign in" : {
    "transaction" : "Sign in",
    "sampleCount" : 6735,
    "errorCount" : 6484,
    "errorPct" : 96.2732,
    "meanResTime" : 967.4636971046742,
    "medianResTime" : 277.0,
    "minResTime" : 165.0,
    "maxResTime" : 66078.0,
    "pct1ResTime" : 515.8000000000011,
    "pct2ResTime" : 1795.5999999999995,
    "pct3ResTime" : 14826.000000000016,
    "throughput" : 2.559301893883401,
    "receivedKBytesPerSec" : 1.2345882573453104,
    "sentKBytesPerSec" : 1.0127337767667448
  },
  "Get car brands" : {
    "transaction" : "Get car brands",
    "sampleCount" : 6668,
    "errorCount" : 6588,
    "errorPct" : 98.80024,
    "meanResTime" : 92.39262147570511,
    "medianResTime" : 78.0,
    "minResTime" : 49.0,
    "maxResTime" : 5002.0,
    "pct1ResTime" : 139.10000000000036,
    "pct2ResTime" : 155.0,
    "pct3ResTime" : 208.0,
    "throughput" : 2.5367241031017804,
    "receivedKBytesPerSec" : 0.9461252970702511,
    "sentKBytesPerSec" : 0.6620402781988954
  },
  "Get car brands-1" : {
    "transaction" : "Get car brands-1",
    "sampleCount" : 80,
    "errorCount" : 0,
    "errorPct" : 0.0,
    "meanResTime" : 324.3499999999999,
    "medianResTime" : 82.5,
    "minResTime" : 54.0,
    "maxResTime" : 4950.0,
    "pct1ResTime" : 355.40000000000003,
    "pct2ResTime" : 1756.3000000000006,
    "pct3ResTime" : 4950.0,
    "throughput" : 0.032211371016611,
    "receivedKBytesPerSec" : 0.0181503526138521,
    "sentKBytesPerSec" : 0.006431264457369258
  },
  "Get car models-1" : {
    "transaction" : "Get car models-1",
    "sampleCount" : 80,
    "errorCount" : 0,
    "errorPct" : 0.0,
    "meanResTime" : 402.8125000000001,
    "medianResTime" : 93.0,
    "minResTime" : 53.0,
    "maxResTime" : 4642.0,
    "pct1ResTime" : 1030.3000000000004,
    "pct2ResTime" : 3717.1500000000065,
    "pct3ResTime" : 4642.0,
    "throughput" : 0.032209957386226375,
    "receivedKBytesPerSec" : 0.015916248474053266,
    "sentKBytesPerSec" : 0.006839897689096607
  },
  "Get car brands-0" : {
    "transaction" : "Get car brands-0",
    "sampleCount" : 6668,
    "errorCount" : 0,
    "errorPct" : 0.0,
    "meanResTime" : 88.49715056988587,
    "medianResTime" : 77.0,
    "minResTime" : 49.0,
    "maxResTime" : 771.0,
    "pct1ResTime" : 137.0,
    "pct2ResTime" : 152.0,
    "pct3ResTime" : 191.0,
    "throughput" : 2.5367241031017804,
    "receivedKBytesPerSec" : 0.9289761119757497,
    "sentKBytesPerSec" : 0.6559637601875076
  },
  "Get expenses" : {
    "transaction" : "Get expenses",
    "sampleCount" : 1941,
    "errorCount" : 1866,
    "errorPct" : 96.13601,
    "meanResTime" : 155.3240597630086,
    "medianResTime" : 93.0,
    "minResTime" : 51.0,
    "maxResTime" : 3862.0,
    "pct1ResTime" : 152.0,
    "pct2ResTime" : 183.0,
    "pct3ResTime" : 2690.58,
    "throughput" : 0.7457992597337177,
    "receivedKBytesPerSec" : 0.2719491314522106,
    "sentKBytesPerSec" : 0.11270229708861638
  },
  "Get car models-0" : {
    "transaction" : "Get car models-0",
    "sampleCount" : 6664,
    "errorCount" : 0,
    "errorPct" : 0.0,
    "meanResTime" : 90.39120648259305,
    "medianResTime" : 79.0,
    "minResTime" : 49.0,
    "maxResTime" : 1663.0,
    "pct1ResTime" : 139.0,
    "pct2ResTime" : 157.0,
    "pct3ResTime" : 198.0,
    "throughput" : 2.535264100789683,
    "receivedKBytesPerSec" : 0.9606274131898408,
    "sentKBytesPerSec" : 0.6877020383690764
  }
}